RollNo,FullName,Age,Email,Phone
1,Annapurna Sen,12,annapurnasen@gmail.com,7675365869
2,Ramya sri Yadav,12,ramyasriyadav@gmail.com,6745425834
3,Yasaswi Menon,12,yasaswimenon@gmail.com,7867865542
4,Chandra patel,14,chandrapatel@gmail.com,7426842168
5,Narayana Murthy,15,narayanmurthy@gmail.com,8978676565
6,Durga Iyer,15,durgaiyer@gmail.com,7867867564
7,Teja Singh,14,tejasingh23@gmail.com,7867867564
8,Anju Agarwal,23,anjuagarwal@gmail.com,7876564653
9,Raj Puth,14,rajputh12@gmail.com,9878676543
10,Suneetha Menon,12,suneethamenon@gmail.com,8787675433
11,Homitha Sharma,12,homithasharma@gmail.com,9878757693
12,Lalitha Reddy,12,lalithareddy@gmail.com,8978767576
13,Asritha Singh,12,asrithasingh@gmail.com,9887897876
14,Neha Shetty,13,nehashetty@gmail.com,7665687688
15,Rahul Mehta,13,rahulmehta@gmail.com,6545475869
16,Shruti Verma,12,shrutivarma@gmail.com,6573476485
17,Aditya Rao,14,adityarao@gmail.com,8987796383
18,Kavya Nair,15,kavyanair@gmail.com,6754754748
19,Manish Kumar,12,ananyaiyer@gmail.com,6545483927
20,Ananya Iyer,13,arjunreddy@gmail.com,7648723763
21,Arjun Patel,13,arjunpatel@gmail.com,8793697943
22,Nikita Reddy,14,nikitapatel@gmail.com,7682396390
23,Sneha Pillai,15,snehapillai@gmail.com,9867647486
24,Rohan Das,16,rohandas@gmail.com,7646362535
25,Anjan Thakur,14,anjanthakur@gmail.com,8767574654
26,John Iyer,13,johniyer@gmail.com,7684546342
27,Isha Menon,12,ishamenon@gmail.com,8747646543
28,Ritika Varma,13,rikitavarma@gmail.com,9876385743
29,Aman Khan,12,amankhan@gmailcom,9687547435
30,Deepika Singh,13,deepikasingh@gmail.com,8864737803
31,Aravind Kapoor,14,aravindkapoor@gmail.com,9874986857
32,Pooja Bansal,12,poojabansal@gmail.com,7868955643
33,Neeraj Varma,12,neerajvarma@gmail.com,7868586998
34,Shreya Nambiar,13,shreyanambiar@gmail.com,7685854869
35,Ravi Kumar,12,ravikumar@gmail.com,8978657474
36,Divya Singh,13,divyasingh@gmail.com,8378765745
37,Rohit Patel,13,rohitpatel@gmail.com,7645765754
38,Aditi Varma,14,aditivarma@gmail.com,7687574657
39,Yashna Singh,13,yashnasingh@gmail.com,6775746486
40,Suhana Kapoor,15,suhanakapoor@gmail.com,8953526469
41,Lavanya Sharma,14,lavanyasharma@gmail.com,9768547454
42,Sachin Varma ,12,sachinvarma@gmail.com,7468576547
43,Kunal Singh,12,kunalsingh@gmail.com,7687585747
44,Vivek Menon,13,vivekmenon@gmail.com,8768574758
45,Charvi Patel,15,charvipatel@gmail.com,7868885865
46,Mansi Agarwal,13,mansiagarwal@gmail.com,8945769534
47,Suhana Khan,14,suhanakhan@gmail.com,9656863423
48,Harsha Reddy,12,harshareddy@gmail.com,7685785849
49,Krishna Mohan,13,krishnamohan@gmail.com,8685385485
50,Megha Jain,13,meghajain@gmail.com,7868574663
